<?xml version="1.0" encoding="UTF-8"?>
<project-private xmlns="http://www.netbeans.org/ns/project-private/1">
    <editor-bookmarks xmlns="http://www.netbeans.org/ns/editor-bookmarks/2" lastBookmarkId="0"/>
    <open-files xmlns="http://www.netbeans.org/ns/projectui-open-files/2">
        <group>
            <file>file:/C:/Users/Karina/Documents/NetBeansProjects/ProjectKalmi/src/HitungBmi.java</file>
            <file>file:/C:/Users/Karina/Documents/NetBeansProjects/ProjectKalmi/src/SignUp.java</file>
            <file>file:/C:/Users/Karina/Documents/NetBeansProjects/ProjectKalmi/src/Login.java</file>
            <file>file:/C:/Users/Karina/Documents/NetBeansProjects/ProjectKalmi/src/Histori.java</file>
            <file>file:/C:/Users/Karina/Documents/NetBeansProjects/ProjectKalmi/src/Guest.java</file>
            <file>file:/C:/Users/Karina/Documents/NetBeansProjects/ProjectKalmi/src/Kalmi.java</file>
        </group>
    </open-files>
</project-private>
